{
  "navigationFallback": {
    "rewrite": "/index.html",
    "exclude": ["/_next/*", "/icons/*", "/manifest.json", "/sw.js", "/favicon.ico"]
  },
  "globalHeaders": {
    "X-Content-Type-Options": "nosniff",
    "X-Frame-Options": "DENY",
    "X-XSS-Protection": "1; mode=block",
    "Strict-Transport-Security": "max-age=63072000; includeSubDomains; preload",
    "Referrer-Policy": "strict-origin-when-cross-origin",
    "Permissions-Policy": "camera=(), microphone=(), geolocation=()",
    "X-DNS-Prefetch-Control": "on",
    "X-Download-Options": "noopen",
    "X-Permitted-Cross-Domain-Policies": "none",
    "Content-Security-Policy": "default-src 'self'; script-src 'self' 'unsafe-inline' 'unsafe-eval'; style-src 'self' 'unsafe-inline'; img-src 'self' data: blob:; font-src 'self'; connect-src 'self' https://*.azurewebsites.net; worker-src 'self'; manifest-src 'self'; frame-ancestors 'none'"
  },
  "mimeTypes": {
    ".json": "application/json",
    ".js": "application/javascript"
  }
}
